--
-- PostgreSQL database dump
--

\restrict hikEVPcmXcis0LG8tOGxueoLeUPnpjJdC9flvQpwiymiErAfgTf07Yul5t3Md32

-- Dumped from database version 18.4 (Debian 18.4-1.pgdg12+1)
-- Dumped by pg_dump version 18.4

SET statement_timeout = 0;
SET lock_timeout = 0;
SET idle_in_transaction_session_timeout = 0;
SET transaction_timeout = 0;
SET client_encoding = 'UTF8';
SET standard_conforming_strings = on;
SELECT pg_catalog.set_config('search_path', '', false);
SET check_function_bodies = false;
SET xmloption = content;
SET client_min_messages = warning;
SET row_security = off;

ALTER TABLE IF EXISTS ONLY "public"."GroupMembers" DROP CONSTRAINT IF EXISTS "FK_GroupMembers_Groups_GroupId";
DROP INDEX IF EXISTS "public"."IX_GroupMembers_GroupId";
ALTER TABLE IF EXISTS ONLY "public"."__EFMigrationsHistory" DROP CONSTRAINT IF EXISTS "PK___EFMigrationsHistory";
ALTER TABLE IF EXISTS ONLY "public"."MovieSpaces" DROP CONSTRAINT IF EXISTS "PK_MovieSpaces";
ALTER TABLE IF EXISTS ONLY "public"."Groups" DROP CONSTRAINT IF EXISTS "PK_Groups";
ALTER TABLE IF EXISTS ONLY "public"."GroupMembers" DROP CONSTRAINT IF EXISTS "PK_GroupMembers";
DROP TABLE IF EXISTS "public"."__EFMigrationsHistory";
DROP TABLE IF EXISTS "public"."MovieSpaces";
DROP TABLE IF EXISTS "public"."Groups";
DROP TABLE IF EXISTS "public"."GroupMembers";
-- *not* dropping schema, since initdb creates it
--
-- Name: public; Type: SCHEMA; Schema: -; Owner: -
--

-- *not* creating schema, since initdb creates it


--
-- Name: SCHEMA "public"; Type: COMMENT; Schema: -; Owner: -
--

COMMENT ON SCHEMA "public" IS 'standard public schema';


SET default_tablespace = '';

SET default_table_access_method = "heap";

--
-- Name: GroupMembers; Type: TABLE; Schema: public; Owner: -
--

CREATE TABLE "public"."GroupMembers" (
    "Id" "uuid" NOT NULL,
    "GroupId" "uuid" NOT NULL,
    "Name" "text" NOT NULL,
    "Confirmed" boolean NOT NULL,
    "JoinedAt" timestamp with time zone NOT NULL,
    "user_id" "text" DEFAULT ''::"text" CONSTRAINT "GroupMembers_UserId_not_null" NOT NULL
);


--
-- Name: Groups; Type: TABLE; Schema: public; Owner: -
--

CREATE TABLE "public"."Groups" (
    "Id" "uuid" NOT NULL,
    "HostName" "text" NOT NULL,
    "CinemaId" integer NOT NULL,
    "CinemaName" "text" NOT NULL,
    "FilmId" integer NOT NULL,
    "FilmName" "text" NOT NULL,
    "ShowTime" "text" NOT NULL,
    "ShowDate" "text" NOT NULL,
    "BookingUrl" "text" NOT NULL,
    "Status" "text" NOT NULL,
    "CreatedAt" timestamp with time zone NOT NULL,
    "user_id" "text" DEFAULT ''::"text" CONSTRAINT "Groups_UserId_not_null" NOT NULL
);


--
-- Name: MovieSpaces; Type: TABLE; Schema: public; Owner: -
--

CREATE TABLE "public"."MovieSpaces" (
    "Id" integer NOT NULL,
    "Title" "text" NOT NULL,
    "Description" "text" NOT NULL,
    "CreatedAt" timestamp with time zone NOT NULL
);


--
-- Name: MovieSpaces_Id_seq; Type: SEQUENCE; Schema: public; Owner: -
--

ALTER TABLE "public"."MovieSpaces" ALTER COLUMN "Id" ADD GENERATED BY DEFAULT AS IDENTITY (
    SEQUENCE NAME "public"."MovieSpaces_Id_seq"
    START WITH 1
    INCREMENT BY 1
    NO MINVALUE
    NO MAXVALUE
    CACHE 1
);


--
-- Name: __EFMigrationsHistory; Type: TABLE; Schema: public; Owner: -
--

CREATE TABLE "public"."__EFMigrationsHistory" (
    "MigrationId" character varying(150) NOT NULL,
    "ProductVersion" character varying(32) NOT NULL
);


--
-- Data for Name: GroupMembers; Type: TABLE DATA; Schema: public; Owner: -
--

COPY "public"."GroupMembers" ("Id", "GroupId", "Name", "Confirmed", "JoinedAt", "user_id") FROM stdin;
d0380299-fb08-4c71-ae0b-6f341471c0f4	369c8e0a-31e8-4004-92bc-972129c365ee	Today space	t	2026-06-26 00:58:55.011009+00	
2f93457d-92ac-4bd7-b148-5a00095a2660	9b6f3299-dfbd-4646-a43e-a0d4cb54788c	Testing	t	2026-06-26 01:07:15.695709+00	
a6ec2f56-a4c4-4d54-802d-39012fa96706	2d63746f-3bdd-4bb2-9c8e-ea56dd40d938	Aure shot	t	2026-06-26 01:08:24.249992+00	
e9d26bd8-3144-46b7-b53e-6463c1bd27fc	7b00fb34-a217-463d-9ef7-b62a1c5a1d84	Fishy	t	2026-06-26 01:08:51.781805+00	
f474ec34-41d6-4aad-b20b-33dbff686fda	51325bc9-4b10-4c67-9823-f10cc17a4311	Ohhh	t	2026-07-08 16:03:20.141986+00	92521b29-1efc-4315-96e7-bf239ea81b75
f96efc25-b2dd-4652-9fb3-2098f30f37c4	51325bc9-4b10-4c67-9823-f10cc17a4311	frank	t	2026-07-08 16:06:09.234731+00	
59b2a82a-1d7d-42ae-a89b-19616c552222	67208a4d-9b98-4cd1-980b-5571a6d3fdb9	Trying	t	2026-07-08 16:14:32.864441+00	92521b29-1efc-4315-96e7-bf239ea81b75
b9e5815b-65b8-431f-8afd-6a6bd4532f40	67208a4d-9b98-4cd1-980b-5571a6d3fdb9	Bob	t	2026-07-08 16:15:20.03711+00	
b02483e9-2e75-45f6-9ce4-b1323919326c	67208a4d-9b98-4cd1-980b-5571a6d3fdb9	FRANJ	t	2026-07-11 20:24:56.538747+00	
c0311a69-c05f-4eea-b7ea-85dbce642287	67208a4d-9b98-4cd1-980b-5571a6d3fdb9	Tous	t	2026-07-11 20:25:33.952518+00	
7b0211cf-21ff-4971-a460-996407684014	67208a4d-9b98-4cd1-980b-5571a6d3fdb9	Bobbbb	f	2026-07-13 00:13:51.311436+00	92521b29-1efc-4315-96e7-bf239ea81b75
4c7b1cac-53b1-4af3-85cb-6f570cc0340e	4bd97994-aff3-4310-bb05-3bad4b933edd	Dave	t	2026-07-14 22:24:45.042913+00	c3eab10b-a706-4ea5-98a6-f9f714435bad
\.


--
-- Data for Name: Groups; Type: TABLE DATA; Schema: public; Owner: -
--

COPY "public"."Groups" ("Id", "HostName", "CinemaId", "CinemaName", "FilmId", "FilmName", "ShowTime", "ShowDate", "BookingUrl", "Status", "CreatedAt", "user_id") FROM stdin;
369c8e0a-31e8-4004-92bc-972129c365ee	Today space	10636	Cinema 6	7772	Raiders of the Lost Ark	10:40	2026-06-26		booked	2026-06-26 00:58:55.010809+00	
9b6f3299-dfbd-4646-a43e-a0d4cb54788c	Testing	10636	Cinema 6	7772	Raiders of the Lost Ark	11:20	2026-06-26		pending	2026-06-26 01:07:15.695428+00	
2d63746f-3bdd-4bb2-9c8e-ea56dd40d938	Aure shot	10636	Cinema 6	7772	Raiders of the Lost Ark	10:40	2026-06-26		pending	2026-06-26 01:08:24.24999+00	
7b00fb34-a217-463d-9ef7-b62a1c5a1d84	Fishy	10636	Cinema 6	7772	Raiders of the Lost Ark	12:40	2026-06-26		pending	2026-06-26 01:08:51.781802+00	
51325bc9-4b10-4c67-9823-f10cc17a4311	Ohhh	10636	Cinema 6	7772	Raiders of the Lost Ark	17:50	2026-07-08		booked	2026-07-08 16:03:20.141782+00	92521b29-1efc-4315-96e7-bf239ea81b75
67208a4d-9b98-4cd1-980b-5571a6d3fdb9	Trying	10636	Cinema 6	7772	Raiders of the Lost Ark	17:00	2026-07-08		pending	2026-07-08 16:14:32.864439+00	92521b29-1efc-4315-96e7-bf239ea81b75
4bd97994-aff3-4310-bb05-3bad4b933edd	Dave	10636	Cinema 6	59906	There Will Be Blood	22:40	2026-07-14		pending	2026-07-14 22:24:45.042762+00	c3eab10b-a706-4ea5-98a6-f9f714435bad
\.


--
-- Data for Name: MovieSpaces; Type: TABLE DATA; Schema: public; Owner: -
--

COPY "public"."MovieSpaces" ("Id", "Title", "Description", "CreatedAt") FROM stdin;
\.


--
-- Data for Name: __EFMigrationsHistory; Type: TABLE DATA; Schema: public; Owner: -
--

COPY "public"."__EFMigrationsHistory" ("MigrationId", "ProductVersion") FROM stdin;
20260522223223_InitialCreate	10.0.8
20260607234143_AddGroups	10.0.8
20260630224159_AddUserIdToGroups	10.0.8
20260630205317_AddUserIds	10.0.8
20260630230257_UpdateColumnNamingAnnotations	10.0.8
\.


--
-- Name: MovieSpaces_Id_seq; Type: SEQUENCE SET; Schema: public; Owner: -
--

SELECT pg_catalog.setval('"public"."MovieSpaces_Id_seq"', 1, false);


--
-- Name: GroupMembers PK_GroupMembers; Type: CONSTRAINT; Schema: public; Owner: -
--

ALTER TABLE ONLY "public"."GroupMembers"
    ADD CONSTRAINT "PK_GroupMembers" PRIMARY KEY ("Id");


--
-- Name: Groups PK_Groups; Type: CONSTRAINT; Schema: public; Owner: -
--

ALTER TABLE ONLY "public"."Groups"
    ADD CONSTRAINT "PK_Groups" PRIMARY KEY ("Id");


--
-- Name: MovieSpaces PK_MovieSpaces; Type: CONSTRAINT; Schema: public; Owner: -
--

ALTER TABLE ONLY "public"."MovieSpaces"
    ADD CONSTRAINT "PK_MovieSpaces" PRIMARY KEY ("Id");


--
-- Name: __EFMigrationsHistory PK___EFMigrationsHistory; Type: CONSTRAINT; Schema: public; Owner: -
--

ALTER TABLE ONLY "public"."__EFMigrationsHistory"
    ADD CONSTRAINT "PK___EFMigrationsHistory" PRIMARY KEY ("MigrationId");


--
-- Name: IX_GroupMembers_GroupId; Type: INDEX; Schema: public; Owner: -
--

CREATE INDEX "IX_GroupMembers_GroupId" ON "public"."GroupMembers" USING "btree" ("GroupId");


--
-- Name: GroupMembers FK_GroupMembers_Groups_GroupId; Type: FK CONSTRAINT; Schema: public; Owner: -
--

ALTER TABLE ONLY "public"."GroupMembers"
    ADD CONSTRAINT "FK_GroupMembers_Groups_GroupId" FOREIGN KEY ("GroupId") REFERENCES "public"."Groups"("Id") ON DELETE CASCADE;


--
-- PostgreSQL database dump complete
--

\unrestrict hikEVPcmXcis0LG8tOGxueoLeUPnpjJdC9flvQpwiymiErAfgTf07Yul5t3Md32

